sequence,method,mask_JM,propainter_ok,psnr,ssim
tennis,A-1 SAM3,0.9468,True,22.594887555788375,0.9343297465975334
horsejump-low,B-5 VGGT4D+SAM3,0.9331,True,21.99919485582902,0.8992373794441194
car-shadow,B-5 VGGT4D+SAM3,0.9785,True,21.611213772396734,0.9198321629854966
blackswan,B-5 VGGT4D+SAM3,0.9558,True,22.695827077550277,0.8874911737670523
bmx-trees,A-1 GDINO+SAM2,0.7455,True,26.558361282805286,0.9526547150051581
koala,A-1 SAM3,0.9482,True,21.390224813628837,0.8494994388508055
