sequence,strategy,n_frames,fused_JM,fused_JR,fused_F,sam3_JM,gdino_JM,dynamic_n
tennis,sam3_only,70,0.9467818108010582,1.0,0.5077911438722994,0.9467818108010582,0.9310442009647991,0
bmx-trees,primary_only,80,0.74550651098129,0.9375,0.2771205648255498,0.6308092635862093,0.74550651098129,0
car-shadow,primary_only,40,0.9748509236896583,1.0,0.4523905220030818,0.8909811793469713,0.9748509236896583,0
horsejump-low,sam3_only,60,0.857374209086169,1.0,0.41298699263442046,0.857374209086169,0.7236562547209039,0
blackswan,union,50,0.9549166192038779,1.0,0.33117673073210974,0.9546500020093188,0.9551549448035956,0
koala,sam3_only,100,0.9481593393589374,1.0,0.19671144831820622,0.9481593393589374,0.0,0
