sequence,source,status,n_frames,n_saved,prompt_mode,prompt_frame,JM,JR,F,rough_JM
tennis,vggt4d,success,70,70,bbox,00000,0.8735063675684897,1.0,0.3420117754446857,0.7571360899399955
horsejump-low,vggt4d,success,60,60,bbox,00000,0.9331303603536367,1.0,0.3720514146686406,0.6437997080977175
car-shadow,vggt4d,success,40,40,bbox,00000,0.9784783667457202,1.0,0.5069250633191521,0.7589380639641842
blackswan,vggt4d,success,50,50,bbox,00000,0.9558385145751184,1.0,0.3542742436572677,0.208184264096809
koala,vggt4d,success,100,100,bbox,00000,0.9372588529996629,1.0,0.1880082592723196,0.23531780125695265
bmx-trees,vggt4d,success,80,80,bbox,00000,0.6886531320002908,0.85,0.2886517739189941,0.44209861157805463
