sequence,source,status,n_frames,n_saved,prompt_mode,prompt_frame,JM,JR,F,rough_JM
tennis,vggt4d,success,70,70,centroid,00000,3.340820165067248e-05,0.0,0.0059082249208892365,0.7571360899399955
blackswan,vggt4d,success,50,50,centroid,00000,0.955750233936849,1.0,0.35556634280596067,0.208184264096809
horsejump-low,vggt4d,success,60,60,centroid,00000,0.00024201757930242853,0.0,0.007166664480072098,0.6437997080977175
koala,vggt4d,success,100,100,centroid,00000,0.9440738126553331,1.0,0.19938994630304996,0.23531780125695265
bmx-trees,vggt4d,success,80,80,centroid,00000,0.5396467392946853,0.775,0.18830930481247082,0.44209861157805463
car-shadow,vggt4d,success,40,40,centroid,00000,0.001250767272288718,0.0,0.03050153490125308,0.7589380639641842
