sequence_name,part1_iou_j,part2_iou_j,part3_s1_iou_j,part1_f,part2_f,part3_s1_f
blackswan,0.511761,0.955139,0.955155,0.124880,0.928233,0.928346
bmx-trees,0.346575,0.640291,0.745507,0.050102,0.684978,0.796067
car-shadow,0.404795,0.974606,0.974851,0.147814,0.948751,0.949308
horsejump-low,0.617643,0.723479,0.723656,0.187754,0.769774,0.769825
tennis,0.580021,0.932015,0.931044,0.073870,0.967099,0.959095
